RN,VendorID,tpep_pickup_datetime,tpep_dropoff_datetime,passenger_count,trip_distance,RatecodeID,store_and_fwd_flag,PULocationID,DOLocationID,payment_type,fare_amount,extra,mta_tax,tip_amount,tolls_amount,improvement_surcharge,total_amount,congestion_surcharge,airport_fee
0,2,1/1/2023 0:32,1/1/2023 0:40,1,0.97,1,N,161,141,2,9.3,1,0.5,0,0,1,14.3,2.5,0
1,2,1/1/2023 0:55,1/1/2023 1:01,1,1.1,1,N,43,237,1,7.9,1,0.5,4,0,1,16.9,2.5,0
2,2,1/1/2023 0:25,1/1/2023 0:37,1,2.51,1,N,48,238,1,14.9,1,0.5,15,0,1,34.9,2.5,0
3,1,1/1/2023 0:03,1/1/2023 0:13,0,1.9,1,N,138,7,1,12.1,7.25,0.5,0,0,1,20.85,0,1.25
4,2,1/1/2023 0:10,1/1/2023 0:21,1,1.43,1,N,107,79,1,11.4,1,0.5,3.28,0,1,19.68,2.5,0
5,2,1/1/2023 0:50,1/1/2023 1:02,1,1.84,1,N,161,137,1,12.8,1,0.5,10,0,1,27.8,2.5,0
6,2,1/1/2023 0:09,1/1/2023 0:19,1,1.66,1,N,239,143,1,12.1,1,0.5,3.42,0,1,20.52,2.5,0
7,2,1/1/2023 0:27,1/1/2023 0:49,1,11.7,1,N,142,200,1,45.7,1,0.5,10.74,3,1,64.44,2.5,0
8,2,1/1/2023 0:21,1/1/2023 0:36,1,2.95,1,N,164,236,1,17.7,1,0.5,5.68,0,1,28.38,2.5,0
9,2,1/1/2023 0:39,1/1/2023 0:50,1,3.01,1,N,141,107,2,14.9,1,0.5,0,0,1,19.9,2.5,0
10,2,1/1/2023 0:53,1/1/2023 1:01,1,1.8,1,N,234,68,1,11.4,1,0.5,3.28,0,1,19.68,2.5,0
11,1,1/1/2023 0:43,1/1/2023 1:17,4,7.3,1,N,79,264,1,33.8,3.5,0.5,7.75,0,1,46.55,2.5,0
12,2,1/1/2023 0:34,1/1/2023 1:04,1,3.23,1,N,164,143,1,26.1,1,0.5,6.22,0,1,37.32,2.5,0
13,2,1/1/2023 0:09,1/1/2023 0:29,2,11.43,1,N,138,33,1,44.3,6,0.5,13.26,0,1,66.31,0,1.25
14,2,1/1/2023 0:33,1/1/2023 0:49,1,2.95,1,N,33,61,1,17.7,1,0.5,4.04,0,1,24.24,0,0
15,2,1/1/2023 0:13,1/1/2023 0:22,1,1.52,1,N,79,186,1,10,1,0.5,1.25,0,1,16.25,2.5,0
16,2,1/1/2023 0:45,1/1/2023 1:07,1,2.23,1,N,90,48,1,19.8,1,0.5,4.96,0,1,29.76,2.5,0
17,1,1/1/2023 0:04,1/1/2023 0:19,1,4.5,1,N,113,255,1,20.5,3.5,0.5,4,0,1,29.5,2.5,0
18,1,1/1/2023 0:03,1/1/2023 0:09,3,1.2,1,N,237,239,2,8.6,3.5,0.5,0,0,1,13.6,2.5,0
19,1,1/1/2023 0:15,1/1/2023 0:29,2,2.5,1,N,143,229,2,15.6,3.5,0.5,0,0,1,20.6,2.5,0
20,1,1/1/2023 0:51,1/1/2023 0:58,1,1.4,1,N,137,79,1,9.3,3.5,0.5,2.85,0,1,17.15,2.5,0
21,1,1/1/2023 0:13,1/1/2023 0:44,1,17.8,2,N,132,116,1,70,1.25,0.5,15.85,6.55,1,95.15,0,1.25
22,1,1/1/2023 0:21,1/1/2023 0:29,4,0.8,1,N,163,161,4,8.6,3.5,0.5,0,0,1,13.6,2.5,0
23,1,1/1/2023 0:52,1/1/2023 1:02,2,1.7,1,N,161,164,4,11.4,3.5,0.5,0,0,1,16.4,2.5,0
24,2,1/1/2023 0:19,1/1/2023 0:38,1,5.7,1,N,161,87,1,26.8,1,0.5,6.36,0,1,38.16,2.5,0
25,2,1/1/2023 0:31,1/1/2023 0:51,1,1.18,1,N,68,164,1,17,1,0.5,6.6,0,1,28.6,2.5,0
26,2,1/1/2023 0:58,1/1/2023 1:16,1,2.42,1,N,164,232,1,17,1,0.5,4.4,0,1,26.4,2.5,0
27,1,1/1/2023 0:22,1/1/2023 0:35,2,2.3,1,N,43,262,1,13.5,3.5,0.5,3.7,0,1,22.2,2.5,0
28,1,1/1/2023 0:40,1/1/2023 0:43,1,0.7,1,N,263,262,1,5.1,3.5,0.5,1.82,0,1,11.92,2.5,0
29,1,1/1/2023 0:54,1/1/2023 0:59,1,1.2,1,N,263,229,1,7.9,3.5,0.5,2.55,0,1,15.45,2.5,0
30,1,1/1/2023 0:31,1/1/2023 0:46,2,4.1,1,N,170,75,2,19.1,3.5,0.5,0,0,1,24.1,2.5,0
31,1,1/1/2023 0:51,1/1/2023 1:19,1,9.5,1,N,263,36,1,38.7,3.5,0.5,15.05,6.55,1,65.3,2.5,0
32,2,1/1/2023 0:27,1/1/2023 0:59,4,2.02,1,N,163,186,2,26.1,1,0.5,0,0,1,31.1,2.5,0
33,2,1/1/2023 0:18,1/1/2023 0:32,1,2.17,1,N,161,107,2,14.2,1,0.5,0,0,1,19.2,2.5,0
34,2,1/1/2023 0:39,1/1/2023 0:47,2,2.41,1,N,233,263,1,12.1,1,0.5,3.42,0,1,20.52,2.5,0
35,2,1/1/2023 0:54,1/1/2023 0:56,2,0.6,1,N,236,75,1,5.1,1,0.5,2.02,0,1,12.12,2.5,0
36,2,1/1/2023 0:03,1/1/2023 0:18,1,5.01,1,N,144,140,1,23.3,1,0.5,5.66,0,1,33.96,2.5,0
37,2,1/1/2023 0:23,1/1/2023 0:41,1,3.24,1,N,229,246,1,19.1,1,0.5,3,0,1,27.1,2.5,0
38,2,1/1/2023 0:43,1/1/2023 1:00,1,2.7,1,N,68,231,1,16.3,1,0.5,4.26,0,1,25.56,2.5,0
39,2,1/1/2023 0:11,1/1/2023 0:17,2,1.2,1,N,249,79,1,7.9,1,0.5,2,0,1,14.9,2.5,0
40,2,1/1/2023 0:15,1/1/2023 0:24,5,1.3,1,N,79,170,1,10.7,1,0.5,3.14,0,1,18.84,2.5,0
41,2,1/1/2023 0:30,1/1/2023 0:47,5,2.32,1,N,170,43,1,16.3,1,0.5,5.32,0,1,26.62,2.5,0
42,2,1/1/2023 0:47,1/1/2023 1:16,5,2.35,1,N,43,233,1,23.3,1,0.5,5.66,0,1,33.96,2.5,0
43,2,1/1/2023 0:21,1/1/2023 0:25,1,0.61,1,N,79,4,1,5.8,1,0.5,2.16,0,1,12.96,2.5,0
44,2,1/1/2023 0:35,1/1/2023 0:46,1,2.27,1,N,79,162,1,13.5,1,0.5,3.7,0,1,22.2,2.5,0
45,2,1/1/2023 0:56,1/1/2023 1:00,1,0.82,1,N,229,141,1,5.8,1,0.5,2.16,0,1,12.96,2.5,0
46,2,1/1/2023 0:47,1/1/2023 0:54,2,1.72,1,N,162,224,2,10,1,0.5,0,0,1,15,2.5,0
47,2,1/1/2023 0:56,1/1/2023 1:10,2,1.75,1,N,224,68,1,14.9,1,0.5,3.98,0,1,23.88,2.5,0
48,2,1/1/2023 0:41,1/1/2023 1:19,1,11.11,1,N,132,61,1,47.8,1,0.5,10.31,0,1,61.86,0,1.25
49,1,1/1/2023 0:20,1/1/2023 0:23,2,0.2,1,N,236,236,2,5.1,3.5,0.5,0,0,1,10.1,2.5,0
50,1,1/1/2023 0:34,1/1/2023 0:48,1,2.4,1,N,142,170,2,15.6,3.5,0.5,0,0,1,20.6,2.5,0
51,1,1/1/2023 0:56,1/1/2023 1:09,2,2.9,1,N,107,145,1,15.6,3.5,0.5,5.4,6.55,1,32.55,2.5,0
52,1,1/1/2023 0:13,1/1/2023 0:23,1,1.2,1,N,164,161,2,10,3.5,0.5,0,0,1,15,2.5,0
53,1,1/1/2023 0:25,1/1/2023 0:36,1,1.6,1,N,161,140,2,10.7,3.5,0.5,0,0,1,15.7,2.5,0
54,1,1/1/2023 0:46,1/1/2023 1:25,1,3.3,1,N,43,125,1,30.3,3.5,0.5,2,0,1,37.3,2.5,0
55,2,1/1/2023 0:22,1/1/2023 0:32,2,2.35,1,N,142,24,1,13.5,1,0.5,3.7,0,1,22.2,2.5,0
56,2,1/1/2023 0:36,1/1/2023 0:55,1,3.4,1,N,151,237,1,20.5,1,0.5,7.65,0,1,33.15,2.5,0
57,2,1/1/2023 0:38,1/1/2023 0:44,1,1.15,1,N,236,43,1,7.9,1,0.5,1.94,0,1,14.84,2.5,0
58,2,1/1/2023 0:45,1/1/2023 0:50,1,0.86,1,N,239,239,1,7.2,1,0.5,5,0,1,17.2,2.5,0
59,2,1/1/2023 0:22,1/1/2023 1:30,1,16.02,1,N,132,265,2,61.1,1,0.5,0,0,1,64.85,0,1.25
60,2,1/1/2023 0:20,1/1/2023 0:40,1,3.31,1,N,68,163,1,21.9,1,0.5,2,0,1,28.9,2.5,0
61,2,1/1/2023 0:42,1/1/2023 0:43,1,0.03,1,N,163,163,2,3,1,0.5,0,0,1,8,2.5,0
62,2,1/1/2023 0:44,1/1/2023 0:56,1,1.38,1,N,163,233,1,12.1,1,0.5,3.42,0,1,20.52,2.5,0
63,2,1/1/2023 0:59,1/1/2023 1:11,1,2.04,1,N,137,114,1,13.5,1,0.5,3.7,0,1,22.2,2.5,0
64,1,1/1/2023 0:18,1/1/2023 0:55,1,11.3,1,N,163,225,1,48.5,3.5,0.5,10.7,0,1,64.2,2.5,0
65,2,1/1/2023 0:20,1/1/2023 0:34,1,3.31,1,N,137,236,2,16.3,1,0.5,0,0,1,21.3,2.5,0
66,2,1/1/2023 0:46,1/1/2023 1:14,1,9,1,N,239,211,1,39.4,1,0.5,11.1,0,1,55.5,2.5,0
67,1,1/1/2023 0:29,1/1/2023 0:48,3,3,1,N,211,246,1,19.8,3.5,0.5,0,0,1,24.8,2.5,0
68,1,1/1/2023 0:56,1/1/2023 1:01,1,0.4,1,N,68,158,1,6.5,3.5,0.5,1.5,0,1,13,2.5,0
69,1,1/1/2023 0:08,1/1/2023 0:10,4,0.3,1,N,148,79,1,3.7,3.5,0.5,1.7,0,1,10.4,2.5,0
70,1,1/1/2023 0:27,1/1/2023 0:37,2,1.3,1,N,148,79,1,9.3,3.5,0.5,2.85,0,1,17.15,2.5,0
71,1,1/1/2023 0:38,1/1/2023 0:41,2,0.3,1,N,79,107,1,4.4,3.5,0.5,1,0,1,10.4,2.5,0
72,1,1/1/2023 0:46,1/1/2023 0:56,1,1.7,1,N,79,170,1,10.7,3.5,0.5,0,0,1,15.7,2.5,0
73,2,1/1/2023 0:10,1/1/2023 0:23,1,2.79,1,N,238,42,1,14.9,1,0.5,3.98,0,1,23.88,2.5,0
74,2,1/1/2023 0:32,1/1/2023 0:50,2,2.91,1,N,107,231,1,17.7,1,0.5,4.54,0,1,27.24,2.5,0
75,2,1/1/2023 0:52,1/1/2023 1:01,1,1.69,1,N,231,158,1,11.4,1,0.5,2,0,1,18.4,2.5,0
76,2,1/1/2023 0:10,1/1/2023 0:16,1,0.82,1,N,238,238,1,7.9,1,0.5,3.22,0,1,16.12,2.5,0
77,2,1/1/2023 0:18,1/1/2023 0:20,1,0.52,1,N,237,236,1,5.1,1,0.5,2.02,0,1,12.12,2.5,0
78,2,1/1/2023 0:24,1/1/2023 0:33,1,1.97,1,N,263,151,1,12.1,1,0.5,1,0,1,18.1,2.5,0
79,2,1/1/2023 0:37,1/1/2023 0:54,1,3.1,1,N,238,48,2,19.1,1,0.5,0,0,1,24.1,2.5,0
80,2,12/31/2022 23:51,12/31/2022 23:56,1,0.86,1,N,141,140,1,6.5,1,0.5,2,0,1,13.5,2.5,0
81,2,1/1/2023 0:15,1/1/2023 0:23,2,0.64,1,N,43,161,2,7.9,1,0.5,0,0,1,12.9,2.5,0
82,2,1/1/2023 0:23,1/1/2023 0:56,1,4.41,1,N,161,261,1,28.2,1,0.5,8.3,0,1,41.5,2.5,0
83,2,1/1/2023 0:09,1/1/2023 0:16,1,0.64,1,N,79,148,1,7.9,1,0.5,1.29,0,1,14.19,2.5,0
84,2,1/1/2023 0:19,1/1/2023 0:26,1,1.08,1,N,148,232,1,8.6,1,0.5,2.72,0,1,16.32,2.5,0
85,2,1/1/2023 0:09,1/1/2023 0:21,1,3.04,1,N,68,13,1,15.6,1,0.5,2.4,0,1,23,2.5,0
86,2,1/1/2023 0:22,1/1/2023 0:32,1,1.71,1,N,13,211,1,11.4,1,0.5,4.1,0,1,20.5,2.5,0
87,2,1/1/2023 0:35,1/1/2023 1:07,2,3.05,1,N,211,50,1,28.2,1,0.5,6.64,0,1,39.84,2.5,0
88,2,1/1/2023 0:10,1/1/2023 0:18,2,1.29,1,N,238,238,2,9.3,1,0.5,0,0,1,14.3,2.5,0
89,2,1/1/2023 0:25,1/1/2023 1:00,3,11.19,1,N,239,133,1,49.2,1,0.5,12.15,6.55,1,72.9,2.5,0
90,2,1/1/2023 0:37,1/1/2023 1:16,1,11.03,1,N,132,188,1,51.3,1,0.5,13.45,0,1,68.5,0,1.25
91,2,1/1/2023 0:49,1/1/2023 1:30,1,13.54,1,N,132,149,1,61.8,1,0.5,12.86,0,1,78.41,0,1.25
92,1,1/1/2023 0:20,1/1/2023 0:24,1,1.4,1,N,137,229,1,7.9,3.5,0.5,2.55,0,1,15.45,2.5,0
93,1,1/1/2023 0:27,1/1/2023 0:31,1,1.1,1,N,229,262,1,7.2,3.5,0.5,2.4,0,1,14.6,2.5,0
94,1,1/1/2023 0:36,1/1/2023 0:45,1,1.6,1,N,262,229,1,11.4,3.5,0.5,3,0,1,19.4,2.5,0
95,2,1/1/2023 0:20,1/1/2023 0:21,1,0.08,1,N,75,75,2,3,1,0.5,0,0,1,5.5,0,0
96,2,1/1/2023 0:09,1/1/2023 0:30,1,6.22,1,N,138,95,2,31,6,0.5,0,0,1,39.75,0,1.25
97,2,1/1/2023 0:46,1/1/2023 0:59,1,4.56,1,N,132,218,1,20.5,1,0.5,5.75,0,1,30,0,1.25
98,2,1/1/2023 0:10,1/1/2023 0:20,1,1.41,1,N,264,186,1,10.7,1,0.5,3.92,0,1,19.62,2.5,0
99,2,1/1/2023 0:27,1/1/2023 0:37,1,1.7,1,N,264,114,1,11.4,1,0.5,2,0,1,18.4,2.5,0
100,2,1/1/2023 0:42,1/1/2023 0:49,1,1.14,1,N,264,79,1,8.6,1,0.5,2.72,0,1,16.32,2.5,0
101,2,1/1/2023 0:53,1/1/2023 1:34,1,6.19,1,N,264,239,1,40.1,1,0.5,9.02,0,1,54.12,2.5,0
102,1,1/1/2023 0:24,1/1/2023 0:31,1,1,1,N,43,239,1,8.6,3.5,0.5,3.4,0,1,17,2.5,0
103,1,1/1/2023 0:33,1/1/2023 0:58,2,3,1,N,239,68,1,23.3,3.5,0.5,3,0,1,31.3,2.5,0
104,1,1/1/2023 0:59,1/1/2023 1:24,1,3.7,1,N,68,261,2,24.7,3.5,0.5,0,0,1,29.7,2.5,0
105,2,1/1/2023 0:11,1/1/2023 0:28,1,3.15,1,N,237,234,1,17.7,1,0.5,4.54,0,1,27.24,2.5,0
106,2,1/1/2023 0:30,1/1/2023 0:42,1,1.75,1,N,90,48,1,12.8,1,0.5,5.34,0,1,23.14,2.5,0
107,2,1/1/2023 0:04,1/1/2023 0:08,1,0.71,1,N,125,231,1,6.5,1,0.5,1.72,0,1,13.22,2.5,0
108,2,1/1/2023 0:16,1/1/2023 0:21,1,0.67,1,N,125,231,1,6.5,1,0.5,0,0,1,11.5,2.5,0
109,2,1/1/2023 0:23,1/1/2023 0:59,1,6.14,1,N,231,238,1,38.7,1,0.5,8.74,0,1,52.44,2.5,0
110,1,1/1/2023 0:04,1/1/2023 0:45,1,9.7,1,N,161,228,1,50.6,3.5,0.5,16.65,0,1,72.25,2.5,0
111,2,1/1/2023 0:24,1/1/2023 0:31,2,1.16,1,N,186,107,1,8.6,1,0.5,2.72,0,1,16.32,2.5,0
112,2,1/1/2023 0:33,1/1/2023 0:39,1,1.44,1,N,107,233,1,8.6,1,0.5,1.5,0,1,15.1,2.5,0
113,2,1/1/2023 0:41,1/1/2023 0:52,2,2.73,1,N,162,263,2,14.2,1,0.5,0,0,1,19.2,2.5,0
114,2,1/1/2023 0:54,1/1/2023 1:06,1,3.53,1,N,263,137,1,18.4,1,0.5,5.85,0,1,29.25,2.5,0
115,1,1/1/2023 0:04,1/1/2023 0:10,3,0.7,1,N,264,264,2,7.2,3.5,0.5,0,0,1,12.2,2.5,0
116,1,1/1/2023 0:21,1/1/2023 0:32,2,1.1,1,N,264,137,1,9.3,3.5,0.5,1.5,0,1,15.8,2.5,0
117,1,1/1/2023 0:36,1/1/2023 0:57,1,9,1,N,137,212,1,35.9,3.5,0.5,0,0,1,40.9,2.5,0
118,2,1/1/2023 0:33,1/1/2023 0:55,4,4.53,1,N,141,231,1,24,1,0.5,7.25,0,1,36.25,2.5,0
119,2,1/1/2023 0:17,1/1/2023 0:21,1,1.02,1,N,239,238,2,6.5,1,0.5,0,0,1,11.5,2.5,0
120,2,1/1/2023 0:24,1/1/2023 0:38,1,2.86,1,N,238,141,1,17,1,0.5,4.4,0,1,26.4,2.5,0
121,2,1/1/2023 0:44,1/1/2023 0:52,1,1.91,1,N,237,262,1,10.7,1,0.5,3.14,0,1,18.84,2.5,0
122,2,1/1/2023 0:58,1/1/2023 1:11,1,5.62,1,N,236,79,1,23.3,1,0.5,7.08,0,1,35.38,2.5,0
123,2,1/1/2023 0:24,1/1/2023 0:27,1,0.74,1,N,229,233,1,5.8,1,0.5,2,0,1,12.8,2.5,0
124,2,1/1/2023 0:36,1/1/2023 0:49,1,3.07,1,N,137,263,1,15.6,1,0.5,3.09,0,1,23.69,2.5,0
125,2,1/1/2023 0:53,1/1/2023 1:15,1,7.05,1,N,263,144,1,32.4,1,0.5,4,0,1,41.4,2.5,0
126,2,1/1/2023 0:52,1/1/2023 1:07,1,2.61,1,N,141,107,2,15.6,1,0.5,0,0,1,20.6,2.5,0
127,1,1/1/2023 0:11,1/1/2023 0:34,1,6,1,N,107,166,2,26.8,3.5,0.5,0,0,1,31.8,2.5,0
128,1,1/1/2023 0:39,1/1/2023 0:49,2,1.7,1,N,151,236,1,10.7,3.5,0.5,3.93,0,1,19.63,2.5,0
129,1,1/1/2023 0:56,1/1/2023 1:04,2,1.9,1,N,237,137,1,10.7,3.5,0.5,2,0,1,17.7,2.5,0
130,1,1/1/2023 0:58,1/1/2023 1:02,1,0.8,1,N,233,137,1,5.8,3.5,0.5,5,0,1,15.8,2.5,0
131,1,1/1/2023 0:47,1/1/2023 1:08,1,4.3,1,N,170,238,1,21.2,3.5,0.5,5.25,0,1,31.45,2.5,0
132,2,1/1/2023 0:28,1/1/2023 0:31,1,0.42,1,N,233,229,4,-5.1,-1,-0.5,0,0,-1,-10.1,-2.5,0
133,2,1/1/2023 0:28,1/1/2023 0:31,1,0.42,1,N,233,229,4,5.1,1,0.5,0,0,1,10.1,2.5,0
134,2,1/1/2023 0:32,1/1/2023 0:43,1,1.21,1,N,229,164,1,10.7,1,0.5,3,0,1,18.7,2.5,0
135,2,1/1/2023 0:09,1/1/2023 0:15,1,0.8,1,N,236,75,1,5.5,0.5,0.5,1.86,0,0.3,11.16,2.5,0
136,2,1/1/2023 0:30,1/1/2023 0:55,1,4.59,1,N,141,158,1,18,0.5,0.5,4.36,0,0.3,26.16,2.5,0
137,2,1/1/2023 0:05,1/1/2023 0:31,1,6.81,1,N,249,7,1,31,1,0.5,9,0,1,45,2.5,0
138,2,1/1/2023 0:52,1/1/2023 1:18,1,3.47,1,N,158,229,1,24,1,0.5,4,0,1,33,2.5,0
139,2,1/1/2023 0:30,1/1/2023 0:33,2,0.44,1,N,236,236,1,5.8,1,0.5,1.62,0,1,12.42,2.5,0
140,2,1/1/2023 0:36,1/1/2023 0:45,2,1.93,1,N,236,238,1,12.1,1,0.5,2,0,1,19.1,2.5,0
141,2,1/1/2023 0:48,1/1/2023 0:56,2,1.89,1,N,238,75,1,11.4,1,0.5,2.78,0,1,16.68,0,0
142,2,1/1/2023 0:16,1/1/2023 0:20,1,0.7,1,N,79,107,1,6.5,1,0.5,2.3,0,1,13.8,2.5,0
143,2,1/1/2023 0:12,1/1/2023 0:24,1,1.98,1,N,79,234,2,12.8,1,0.5,0,0,1,17.8,2.5,0
144,2,1/1/2023 0:28,1/1/2023 0:39,1,1.82,1,N,186,211,1,12.1,1,0.5,3.42,0,1,20.52,2.5,0
145,2,1/1/2023 0:43,1/1/2023 1:00,1,6.08,1,N,211,112,2,26.8,1,0.5,0,0,1,31.8,2.5,0
146,2,1/1/2023 0:35,1/1/2023 1:17,2,4.81,1,N,249,239,1,38.7,1,0.5,7,0,1,50.7,2.5,0
147,2,1/1/2023 0:28,1/1/2023 0:36,1,0.98,1,N,236,262,2,8.6,1,0.5,0,0,1,13.6,2.5,0
148,2,1/1/2023 0:40,1/1/2023 0:45,1,1.5,1,N,262,229,1,8.6,1,0.5,2.04,0,1,15.64,2.5,0
149,2,1/1/2023 0:48,1/1/2023 0:59,1,2.58,1,N,229,75,2,13.5,1,0.5,0,0,1,18.5,2.5,0
150,2,1/1/2023 0:08,1/1/2023 0:33,1,1.46,1,N,234,186,1,21.9,1,0.5,5.38,0,1,32.28,2.5,0
151,2,1/1/2023 0:45,1/1/2023 1:04,1,3.55,1,N,246,13,1,21.2,1,0.5,5.24,0,1,31.44,2.5,0
152,2,1/1/2023 0:18,1/1/2023 0:33,1,2.13,1,N,234,50,1,16.3,1,0.5,4.26,0,1,25.56,2.5,0
153,2,1/1/2023 0:42,1/1/2023 1:01,2,1.97,1,N,50,90,1,17.7,1,0.5,5.67,0,1,28.37,2.5,0
154,2,1/1/2023 0:10,1/1/2023 0:12,1,0.48,1,N,107,107,1,4.4,1,0.5,1.88,0,1,11.28,2.5,0
155,2,1/1/2023 0:13,1/1/2023 0:17,1,0.75,1,N,107,79,2,5.8,1,0.5,0,0,1,10.8,2.5,0
156,2,1/1/2023 0:18,1/1/2023 0:25,1,0.9,1,N,79,4,1,7.9,1,0.5,2.58,0,1,15.48,2.5,0
157,2,1/1/2023 0:27,1/1/2023 0:41,1,1.72,1,N,4,249,1,14.2,1,0.5,3.84,0,1,23.04,2.5,0
158,2,1/1/2023 0:43,1/1/2023 0:52,1,1.32,1,N,249,79,1,10,1,0.5,3,0,1,18,2.5,0
159,2,1/1/2023 0:22,1/1/2023 0:25,1,1.04,1,N,141,262,1,6.5,1,0.5,2.3,0,1,13.8,2.5,0
160,2,1/1/2023 0:27,1/1/2023 0:29,1,0.41,1,N,262,263,1,4.4,1,0.5,2.35,0,1,11.75,2.5,0
161,2,1/1/2023 0:31,1/1/2023 0:35,1,1.28,1,N,263,141,1,7.9,1,0.5,2.58,0,1,15.48,2.5,0
162,2,1/1/2023 0:40,1/1/2023 0:46,1,0.8,1,N,262,43,2,7.9,1,0.5,0,0,1,12.9,2.5,0
163,2,1/1/2023 0:48,1/1/2023 1:01,1,2.1,1,N,43,48,2,14.2,1,0.5,0,0,1,19.2,2.5,0
164,2,1/1/2023 0:30,1/1/2023 0:35,1,1.53,1,N,229,236,1,8.6,1,0.5,2.72,0,1,16.32,2.5,0
165,2,1/1/2023 0:38,1/1/2023 0:53,1,1.55,1,N,43,161,1,14.9,1,0.5,3.98,0,1,23.88,2.5,0
166,2,1/1/2023 0:55,1/1/2023 1:19,1,1.27,1,N,161,164,1,20.5,1,0.5,0,0,1,25.5,2.5,0
167,1,1/1/2023 0:27,1/1/2023 0:44,2,2.7,1,N,143,68,1,15.6,3.5,0.5,4.1,0,1,24.7,2.5,0
168,1,1/1/2023 0:21,1/1/2023 0:52,1,19.2,1,N,132,25,1,72.3,2.25,0.5,15.2,0,1,91.25,0,1.25
169,2,1/1/2023 0:02,1/1/2023 0:30,1,20.37,2,N,132,140,1,70,0,0.5,12,6.55,1,92.55,2.5,0
170,2,1/1/2023 0:34,1/1/2023 0:45,1,0.76,1,N,141,229,2,5.8,1,0.5,0,0,1,10.8,2.5,0
171,2,1/1/2023 0:47,1/1/2023 0:53,1,1.2,1,N,229,237,2,7.9,1,0.5,0,0,1,12.9,2.5,0
172,2,1/1/2023 0:35,1/1/2023 0:40,1,1.47,1,N,239,151,1,8.6,1,0.5,2.72,0,1,16.32,2.5,0
173,2,1/1/2023 0:45,1/1/2023 0:53,1,1.69,1,N,238,262,1,10.7,1,0.5,3.14,0,1,18.84,2.5,0
174,2,1/1/2023 0:54,1/1/2023 1:05,1,2.1,1,N,262,239,1,13.5,1,0.5,3.7,0,1,22.2,2.5,0
175,1,1/1/2023 0:29,1/1/2023 0:40,4,1.5,1,N,148,231,1,11.4,3.5,0.5,3.25,0,1,19.65,2.5,0
176,1,1/1/2023 0:48,1/1/2023 1:28,1,5.8,1,N,231,239,1,38.7,3.5,0.5,6.56,0,1,50.26,2.5,0
177,1,1/1/2023 0:18,1/1/2023 0:28,1,1.6,1,N,107,249,1,10,3.5,0.5,3,0,1,18,2.5,0
178,1,1/1/2023 0:36,1/1/2023 0:49,2,1.7,1,N,249,68,1,12.1,3.5,0.5,4.25,0,1,21.35,2.5,0
179,1,1/1/2023 0:50,1/1/2023 1:01,3,1.5,1,N,68,249,1,10,3.5,0.5,3,0,1,18,2.5,0
180,2,1/1/2023 0:34,1/1/2023 0:40,1,0.74,1,N,164,107,1,7.2,1,0.5,2.44,0,1,14.64,2.5,0
181,2,1/1/2023 0:46,1/1/2023 0:49,1,0.47,1,N,107,107,1,5.1,1,0.5,2.02,0,1,12.12,2.5,0
182,2,1/1/2023 0:50,1/1/2023 0:54,1,0.85,1,N,107,79,1,6.5,1,0.5,3,0,1,14.5,2.5,0
183,2,1/1/2023 0:56,1/1/2023 1:07,1,1.4,1,N,79,90,1,11.4,1,0.5,3.28,0,1,19.68,2.5,0
184,1,1/1/2023 0:05,1/1/2023 0:12,1,1,1,N,237,237,2,7.9,3.5,0.5,0,0,1,12.9,2.5,0
185,1,1/1/2023 0:13,1/1/2023 0:24,2,2.7,1,N,237,234,1,13.5,3.5,0.5,3.7,0,1,22.2,2.5,0
186,1,1/1/2023 0:29,1/1/2023 0:38,2,0.9,1,N,90,170,1,8.6,3.5,0.5,2.7,0,1,16.3,2.5,0
187,1,1/1/2023 0:48,1/1/2023 0:54,4,0.9,1,N,162,170,2,7.2,3.5,0.5,0,0,1,12.2,2.5,0
188,2,1/1/2023 0:05,1/1/2023 0:14,1,2.28,1,N,142,43,2,12.1,1,0.5,0,0,1,17.1,2.5,0
189,2,1/1/2023 0:34,1/1/2023 0:38,1,0.99,1,N,239,236,1,6.5,1,0.5,2.3,0,1,13.8,2.5,0
190,2,1/1/2023 0:40,1/1/2023 0:49,1,2.17,1,N,236,151,1,12.1,1,0.5,5.13,0,1,22.23,2.5,0
191,1,1/1/2023 0:08,1/1/2023 0:22,3,1.9,1,N,142,50,1,14.2,3.5,0.5,5,0,1,24.2,2.5,0
192,1,1/1/2023 0:24,1/1/2023 0:46,2,0.7,1,N,50,68,1,18.4,3.5,0.5,5,0,1,28.4,2.5,0
193,1,1/1/2023 0:51,1/1/2023 1:17,1,6.7,1,N,68,33,1,33.1,3.5,0.5,6,0,1,44.1,2.5,0
194,2,1/1/2023 0:39,1/1/2023 1:10,1,5.6,1,N,186,97,1,31.7,1,0.5,9.18,0,1,45.88,2.5,0
195,2,1/1/2023 0:35,1/1/2023 0:48,1,3.08,1,N,236,137,2,16.3,1,0.5,0,0,1,21.3,2.5,0
196,2,1/1/2023 0:50,1/1/2023 0:58,1,1.52,1,N,107,162,2,10,1,0.5,0,0,1,15,2.5,0
197,2,1/1/2023 0:59,1/1/2023 1:03,1,0.84,1,N,162,141,1,6.5,1,0.5,2.3,0,1,13.8,2.5,0
198,2,1/1/2023 0:09,1/1/2023 0:12,1,0.29,1,N,79,79,1,4.4,1,0.5,1,0,1,10.4,2.5,0
199,2,1/1/2023 0:13,1/1/2023 0:19,1,0.5,1,N,79,79,1,6.5,1,0.5,2.3,0,1,13.8,2.5,0
200,2,1/1/2023 0:22,1/1/2023 0:32,1,1.3,1,N,79,232,1,10.7,1,0.5,3.14,0,1,18.84,2.5,0
201,2,1/1/2023 0:39,1/1/2023 0:47,1,2.15,1,N,148,170,1,11.4,1,0.5,3.28,0,1,19.68,2.5,0
202,2,1/1/2023 0:52,1/1/2023 1:04,1,5.49,1,N,137,13,1,22.6,1,0.5,5.52,0,1,33.12,2.5,0
203,1,1/1/2023 0:01,1/1/2023 0:17,6,2.1,1,N,170,113,1,14.2,3.5,0.5,0.01,0,1,19.21,2.5,0
204,1,1/1/2023 0:32,1/1/2023 0:41,1,1.2,1,N,234,79,2,8.6,3.5,0.5,0,0,1,13.6,2.5,0
205,1,1/1/2023 0:42,1/1/2023 0:45,3,0.3,1,N,79,148,1,4.4,3.5,0.5,1.85,0,1,11.25,2.5,0
206,1,1/1/2023 0:18,1/1/2023 0:34,2,2.4,1,N,79,161,1,16.3,3.5,0.5,5.3,0,1,26.6,2.5,0
207,1,1/1/2023 0:58,1/1/2023 1:29,1,3.3,1,N,234,125,1,26.8,3.5,0.5,2.22,0,1,34.02,2.5,0
208,2,1/1/2023 0:15,1/1/2023 0:23,2,1.23,1,N,211,79,1,9.3,1,0.5,3.58,0,1,17.88,2.5,0
209,2,1/1/2023 0:23,1/1/2023 0:34,2,1.53,1,N,79,45,1,12.1,1,0.5,0,0,1,17.1,2.5,0
210,2,1/1/2023 0:44,1/1/2023 0:55,2,2.15,1,N,231,164,2,13.5,1,0.5,0,0,1,18.5,2.5,0
211,2,1/1/2023 0:58,1/1/2023 1:17,2,2.19,1,N,164,229,2,17.7,1,0.5,0,0,1,22.7,2.5,0
212,2,1/1/2023 0:12,1/1/2023 0:16,1,1.71,1,N,162,263,1,8.6,1,0.5,4.08,0,1,17.68,2.5,0
213,2,1/1/2023 0:17,1/1/2023 0:22,1,1.05,1,N,263,75,2,7.2,1,0.5,0,0,1,12.2,2.5,0
214,2,1/1/2023 0:42,1/1/2023 1:02,1,1.63,1,N,43,48,1,17,1,0.5,4.4,0,1,26.4,2.5,0
215,2,1/1/2023 1:01,1/1/2023 1:32,1,11.46,1,N,132,91,1,48.5,1,0.5,10.45,0,1,62.7,0,1.25
216,1,1/1/2023 0:12,1/1/2023 0:15,2,1.1,1,N,263,141,1,6.5,3.5,0.5,1,0,1,12.5,2.5,0
217,1,1/1/2023 0:20,1/1/2023 0:26,2,0.8,1,N,162,163,2,6.5,3.5,0.5,0,0,1,11.5,2.5,0
218,1,1/1/2023 0:21,1/1/2023 0:28,1,1.2,1,N,48,246,1,8.6,3.5,0.5,3.4,0,1,17,2.5,0
219,1,1/1/2023 0:43,1/1/2023 1:08,1,3.1,1,N,246,114,1,19.8,3.5,0.5,4.95,0,1,29.75,2.5,0
220,2,1/1/2023 0:33,1/1/2023 0:39,1,1.58,1,N,237,236,1,8.6,1,0.5,4.08,0,1,17.68,2.5,0
221,2,1/1/2023 0:40,1/1/2023 0:45,1,1.02,1,N,236,239,1,7.9,1,0.5,2.58,0,1,15.48,2.5,0
222,2,1/1/2023 0:47,1/1/2023 0:51,1,1.12,1,N,239,142,1,7.2,1,0.5,3.05,0,1,15.25,2.5,0
223,2,1/1/2023 0:55,1/1/2023 1:00,1,0.69,1,N,142,239,2,7.2,1,0.5,0,0,1,12.2,2.5,0
224,2,1/1/2023 0:29,1/1/2023 1:08,1,13.73,4,N,132,265,1,82.8,1,0.5,21.32,0,1,107.87,0,1.25
225,1,1/1/2023 0:40,1/1/2023 0:46,2,1.1,1,N,90,158,1,7.2,3.5,0.5,1.83,0,1,14.03,2.5,0
226,1,1/1/2023 0:50,1/1/2023 0:54,2,0.7,1,N,249,249,1,5.8,3.5,0.5,2.15,0,1,12.95,2.5,0
227,1,1/1/2023 0:55,1/1/2023 1:09,1,1.9,1,N,249,48,1,12.1,3.5,0.5,2,0,1,19.1,2.5,0
228,2,1/1/2023 0:16,1/1/2023 0:22,1,0.38,1,N,186,186,2,6.5,1,0.5,0,0,1,11.5,2.5,0
229,2,1/1/2023 0:23,1/1/2023 0:32,1,1.79,1,N,186,125,2,10.7,1,0.5,0,0,1,15.7,2.5,0
230,2,1/1/2023 0:33,1/1/2023 0:47,1,3.4,1,N,125,97,1,17.7,1,0.5,6.81,0,1,29.51,2.5,0
231,2,1/1/2023 0:59,1/1/2023 1:29,1,3.82,1,N,144,50,1,28.9,1,0.5,0,0,1,33.9,2.5,0
232,2,1/1/2023 0:07,1/1/2023 0:17,2,2.77,1,N,211,88,1,14.2,1,0.5,3,0,1,22.2,2.5,0
233,2,1/1/2023 0:21,1/1/2023 0:28,1,1.73,1,N,87,13,1,10.7,1,0.5,3.14,0,1,18.84,2.5,0
234,2,1/1/2023 0:30,1/1/2023 0:42,2,3.21,1,N,13,48,2,16.3,1,0.5,0,0,1,21.3,2.5,0
235,2,1/1/2023 0:50,1/1/2023 0:59,2,1.35,1,N,68,107,1,10,1,0.5,3,0,1,18,2.5,0
236,1,1/1/2023 0:22,1/1/2023 0:51,1,6,1,N,142,79,2,32.4,3.5,0.5,0,0,1,37.4,2.5,0
237,1,1/1/2023 0:55,1/1/2023 1:01,1,0.8,1,N,79,107,1,7.9,3.5,0.5,2.55,0,1,15.45,2.5,0
238,2,1/1/2023 0:14,1/1/2023 0:19,1,1.31,1,N,237,236,1,7.9,1,0.5,3.23,0,1,16.13,2.5,0
239,2,1/1/2023 0:22,1/1/2023 0:42,1,3.95,1,N,236,249,1,21.2,1,0.5,5.24,0,1,31.44,2.5,0
240,2,1/1/2023 0:47,1/1/2023 1:17,1,3.81,1,N,158,48,1,27.5,1,0.5,8.12,0,1,40.62,2.5,0
241,1,1/1/2023 0:30,1/1/2023 0:59,1,16.4,1,N,132,256,2,62.5,2.25,0.5,0,0,1,66.25,0,1.25
242,2,1/1/2023 0:46,1/1/2023 1:31,2,1.24,1,N,50,68,1,34.5,1,0.5,7.9,0,1,47.4,2.5,0
243,1,1/1/2023 0:29,1/1/2023 1:11,2,4.9,1,N,114,239,1,38.7,3.5,0.5,7,0,1,50.7,2.5,0
244,2,1/1/2023 0:22,1/1/2023 0:34,2,2.63,1,N,43,24,2,14.2,1,0.5,0,0,1,19.2,2.5,0
245,2,1/1/2023 0:46,1/1/2023 1:02,1,6.99,1,N,24,243,1,30.3,1,0.5,6.56,0,1,39.36,0,0
246,2,1/1/2023 0:13,1/1/2023 0:19,2,1.73,1,N,137,141,1,10,1,0.5,3,0,1,18,2.5,0
247,2,1/1/2023 0:23,1/1/2023 0:28,2,1.36,1,N,236,239,1,8.6,1,0.5,2.72,0,1,16.32,2.5,0
248,2,1/1/2023 0:30,1/1/2023 0:53,2,3.46,1,N,142,166,2,22.6,1,0.5,0,0,1,27.6,2.5,0
249,2,1/1/2023 0:59,1/1/2023 1:04,2,1.16,1,N,166,41,2,8.6,1,0.5,0,0,1,11.1,0,0
250,1,1/1/2023 0:24,1/1/2023 0:38,1,3,1,N,239,42,1,17,3.5,0.5,6.55,0,1,28.55,2.5,0
251,1,1/1/2023 0:42,1/1/2023 0:53,1,2,1,N,41,238,1,12.8,3.5,0.5,3.55,0,1,21.35,2.5,0
252,1,1/1/2023 0:54,1/1/2023 0:57,1,0.8,1,N,238,239,1,5.8,3.5,0.5,2.15,0,1,12.95,2.5,0
253,1,1/1/2023 0:58,1/1/2023 1:04,1,1.6,1,N,239,236,1,9.3,3.5,0.5,2.85,0,1,17.15,2.5,0
254,1,1/1/2023 0:33,1/1/2023 0:46,2,2.3,1,N,141,143,1,13.5,3.5,0.5,3.7,0,1,22.2,2.5,0
255,1,1/1/2023 0:50,1/1/2023 1:18,2,1.8,1,N,143,48,1,18.4,3.5,0.5,1.75,0,1,25.15,2.5,0
256,2,1/1/2023 0:19,1/1/2023 0:28,1,1.33,1,N,114,68,1,10.7,1,0.5,1,0,1,16.7,2.5,0
257,2,1/1/2023 0:40,1/1/2023 0:53,1,1.89,1,N,90,229,1,13.5,1,0.5,3.7,0,1,22.2,2.5,0
258,1,1/1/2023 0:16,1/1/2023 0:26,1,1.4,1,N,237,143,2,10,3.5,0.5,0,0,1,15,2.5,0
259,1,1/1/2023 0:31,1/1/2023 0:50,1,5,1,N,239,107,2,23.3,3.5,0.5,0,0,1,28.3,2.5,0
260,2,1/1/2023 0:11,1/1/2023 0:24,1,1.79,1,N,186,229,2,13.5,1,0.5,0,0,1,18.5,2.5,0
261,2,1/1/2023 0:28,1/1/2023 0:40,1,2.06,1,N,229,237,2,12.8,1,0.5,0,0,1,17.8,2.5,0
262,2,1/1/2023 0:42,1/1/2023 0:51,1,2.72,1,N,236,42,2,13.5,1,0.5,0,0,1,18.5,2.5,0
263,2,1/1/2023 0:20,1/1/2023 0:27,2,1.19,1,N,142,50,4,-9.3,-1,-0.5,0,0,-1,-14.3,-2.5,0
264,2,1/1/2023 0:20,1/1/2023 0:27,2,1.19,1,N,142,50,4,9.3,1,0.5,0,0,1,14.3,2.5,0
265,2,1/1/2023 0:38,1/1/2023 1:02,2,2.32,1,N,246,233,1,20.5,1,0.5,5,0,1,30.5,2.5,0
266,2,1/1/2023 0:10,1/1/2023 0:21,3,1.6,1,N,249,48,1,12.1,1,0.5,3.42,0,1,20.52,2.5,0
267,2,1/1/2023 0:49,1/1/2023 1:34,3,9.42,1,N,246,61,2,48.5,1,0.5,0,0,1,53.5,2.5,0
268,1,1/1/2023 0:21,1/1/2023 0:35,2,1.6,1,N,162,163,1,12.1,3.5,0.5,3.4,0,1,20.5,2.5,0
269,1,1/1/2023 0:38,1/1/2023 0:52,4,2,1,N,163,236,1,12.8,3.5,0.5,4.45,0,1,22.25,2.5,0
270,1,1/1/2023 0:54,1/1/2023 1:04,2,1.8,1,N,263,142,1,10.7,3.5,0.5,4.7,0,1,20.4,2.5,0
271,1,1/1/2023 0:08,1/1/2023 0:16,2,0.7,1,N,161,229,2,8.6,3.5,0.5,0,0,1,13.6,2.5,0
272,1,1/1/2023 0:26,1/1/2023 0:30,1,0.9,1,N,164,234,1,7.2,3.5,0.5,3,0,1,15.2,2.5,0
273,1,1/1/2023 0:33,1/1/2023 1:18,2,5.4,1,N,113,238,1,42.2,3.5,0.5,11.8,0,1,59,2.5,0
274,1,1/1/2023 0:12,1/1/2023 0:22,1,3,1,N,142,41,1,14.9,3.5,0.5,4.95,0,1,24.85,2.5,0
275,1,1/1/2023 0:25,1/1/2023 0:45,1,3.6,1,N,151,161,1,19.1,3.5,0.5,0,0,1,24.1,2.5,0
276,1,1/1/2023 0:48,1/1/2023 1:10,1,2.8,1,N,161,114,1,17.7,3.5,0.5,1,0,1,23.7,2.5,0
277,2,1/1/2023 0:42,1/1/2023 0:48,1,0.56,1,N,50,48,1,7.2,1,0.5,1.5,0,1,13.7,2.5,0
278,2,1/1/2023 0:39,1/1/2023 0:46,1,0,1,N,137,162,1,7.9,1,0.5,3.22,0,1,16.12,2.5,0
279,2,1/1/2023 0:47,1/1/2023 0:55,1,0,1,N,233,141,1,8.6,1,0.5,2.72,0,1,16.32,2.5,0
280,2,1/1/2023 0:59,1/1/2023 1:14,1,0,1,N,141,193,2,13.5,1,0.5,0,0,1,18.5,2.5,0
281,1,1/1/2023 0:43,1/1/2023 0:47,1,0.4,1,N,162,163,1,5.8,3.5,0.5,0,0,1,10.8,2.5,0
282,1,1/1/2023 0:49,1/1/2023 1:14,2,2.7,1,N,163,79,1,22.6,3.5,0.5,2.22,0,1,29.82,2.5,0
283,2,1/1/2023 0:27,1/1/2023 0:36,2,0.85,1,N,90,68,1,10,1,0.5,3.75,0,1,18.75,2.5,0
284,2,1/1/2023 0:39,1/1/2023 0:58,3,2.1,1,N,249,148,1,17,1,0.5,2.2,0,1,24.2,2.5,0
285,2,1/1/2023 0:05,1/1/2023 0:40,2,11.61,1,N,142,181,2,51.3,1,0.5,0,0,1,56.3,2.5,0
286,2,1/1/2023 0:56,1/1/2023 1:13,2,3.72,1,N,25,257,1,19.8,1,0.5,4.46,0,1,26.76,0,0
287,1,1/1/2023 0:26,1/1/2023 0:41,2,2.5,1,N,164,90,1,16.3,3.5,0.5,4.25,0,1,25.55,2.5,0
288,2,1/1/2023 0:08,1/1/2023 0:10,1,0.92,1,N,263,141,2,5.8,1,0.5,0,0,1,10.8,2.5,0
289,2,1/1/2023 0:19,1/1/2023 0:25,2,1.06,1,N,262,236,1,6.5,1,0.5,2.3,0,1,13.8,2.5,0
290,2,1/1/2023 0:27,1/1/2023 0:37,2,2.42,1,N,236,142,1,13.5,1,0.5,4.62,0,1,23.12,2.5,0
291,2,1/1/2023 0:39,1/1/2023 0:42,3,0.59,1,N,142,143,2,5.8,1,0.5,0,0,1,10.8,2.5,0
292,2,1/1/2023 0:45,1/1/2023 1:15,2,5.54,1,N,143,13,1,31,1,0.5,9,0,1,45,2.5,0
293,2,1/1/2023 0:25,1/1/2023 0:49,3,3.35,1,N,170,239,2,22.6,1,0.5,0,0,1,27.6,2.5,0
294,2,1/1/2023 0:52,1/1/2023 1:13,3,8.78,1,N,143,94,2,36.6,1,0.5,0,0,1,41.6,2.5,0
295,2,1/1/2023 0:06,1/1/2023 0:29,1,15.49,1,N,132,80,1,58.3,1,0.5,12.16,0,1,74.21,0,1.25
296,1,1/1/2023 0:09,1/1/2023 0:28,1,3.6,1,N,107,236,1,21.2,3.5,0.5,7.85,0,1,34.05,2.5,0
297,1,1/1/2023 0:30,1/1/2023 0:42,1,1.9,1,N,236,142,1,12.1,3.5,0.5,3.4,0,1,20.5,2.5,0
298,1,1/1/2023 0:43,1/1/2023 1:06,1,3.5,1,N,142,107,3,21.9,3.5,0.5,0,0,1,26.9,2.5,0
299,2,1/1/2023 0:21,1/1/2023 0:45,2,7.7,1,N,170,195,1,34.5,1,0.5,7.9,0,1,47.4,2.5,0
300,1,1/1/2023 0:18,1/1/2023 0:54,1,21,2,N,132,238,1,70,3.75,0.5,0,6.55,1,81.8,2.5,1.25
301,2,1/1/2023 0:07,1/1/2023 0:09,1,0.52,1,N,263,141,2,5.1,1,0.5,0,0,1,10.1,2.5,0
302,2,1/1/2023 0:20,1/1/2023 0:28,1,1.68,1,N,162,237,1,10,1,0.5,3,0,1,18,2.5,0
303,2,1/1/2023 0:41,1/1/2023 1:05,1,2.81,1,N,107,50,1,21.9,1,0.5,5.38,0,1,32.28,2.5,0
304,2,1/1/2023 0:05,1/1/2023 0:16,2,1.27,1,N,142,239,1,11.4,1,0.5,4.92,0,1,21.32,2.5,0
305,2,1/1/2023 0:34,1/1/2023 1:09,3,5.6,1,N,142,231,2,33.1,1,0.5,0,0,1,38.1,2.5,0
306,2,1/1/2023 0:26,1/1/2023 0:54,1,4.54,1,N,50,261,1,28.9,1,0.5,6.78,0,1,40.68,2.5,0
307,2,1/1/2023 0:08,1/1/2023 0:16,1,2.18,1,N,249,246,1,11.4,1,0.5,4.92,0,1,21.32,2.5,0
308,2,1/1/2023 0:18,1/1/2023 0:33,1,1.37,1,N,68,107,1,14.2,1,0.5,4.8,0,1,24,2.5,0
309,2,1/1/2023 0:35,1/1/2023 0:48,1,4.04,1,N,107,87,1,20.5,1,0.5,5.1,0,1,30.6,2.5,0
310,2,1/1/2023 0:55,1/1/2023 1:02,1,3.02,1,N,132,10,1,13.5,1,0.5,5.18,0,1,22.43,0,1.25
311,2,1/1/2023 0:12,1/1/2023 0:12,3,0.27,1,N,194,194,2,3.7,1,0.5,0,13.1,1,19.3,0,0
312,1,1/1/2023 0:45,1/1/2023 1:06,2,3.2,1,N,234,87,1,21.2,3.5,0.5,2,0,1,28.2,2.5,0
313,2,1/1/2023 0:28,1/1/2023 0:34,1,0.72,1,N,211,148,1,7.9,1,0.5,3.22,0,1,16.12,2.5,0
314,2,1/1/2023 0:35,1/1/2023 0:56,1,2.69,1,N,148,255,2,21.2,1,0.5,0,0,1,26.2,2.5,0
315,2,1/1/2023 0:45,1/1/2023 1:03,1,8.96,1,N,132,95,2,35.9,1,0.5,0,0,1,39.65,0,1.25
316,1,1/1/2023 0:17,1/1/2023 0:26,2,0.6,1,N,161,164,1,9.3,3.5,0.5,9.22,0,1,23.52,2.5,0
317,1,1/1/2023 0:35,1/1/2023 0:50,2,3.6,1,N,170,75,2,18.4,3.5,0.5,0,0,1,23.4,2.5,0
318,1,1/1/2023 0:59,1/1/2023 1:06,1,1.6,1,N,141,263,1,9.3,3.5,0.5,1.43,0,1,15.73,2.5,0
319,2,1/1/2023 0:25,1/1/2023 0:34,4,1.96,1,N,142,238,2,11.4,1,0.5,0,0,1,16.4,2.5,0
320,2,1/1/2023 0:35,1/1/2023 0:43,1,2.02,1,N,238,236,1,11.4,1,0.5,3.28,0,1,19.68,2.5,0
321,2,1/1/2023 0:49,1/1/2023 1:30,1,1.94,1,N,237,141,2,18.4,1,0.5,0,0,1,23.4,2.5,0
322,1,1/1/2023 0:49,1/1/2023 1:11,1,4,1,N,79,236,2,21.2,3.5,0.5,0,0,1,26.2,2.5,0
323,2,1/1/2023 0:18,1/1/2023 0:39,4,10.29,1,N,144,42,1,40.8,1,0.5,9.16,0,1,54.96,2.5,0
324,2,1/1/2023 0:52,1/1/2023 1:14,1,4.89,1,N,238,167,4,-25.4,-1,-0.5,0,0,-1,-30.4,-2.5,0
325,2,1/1/2023 0:52,1/1/2023 1:14,1,4.89,1,N,238,167,4,25.4,1,0.5,0,0,1,30.4,2.5,0
326,1,1/1/2023 0:01,1/1/2023 0:11,1,1.9,1,N,234,231,1,10.7,3.5,0.5,3,0,1,18.7,2.5,0
327,1,1/1/2023 0:15,1/1/2023 0:39,1,7.5,1,N,144,263,1,33.1,3.5,0.5,3,0,1,41.1,2.5,0
328,1,1/1/2023 0:53,1/1/2023 1:23,1,10.2,1,N,161,127,2,42.9,3.5,0.5,0,0,1,47.9,2.5,0
329,1,1/1/2023 0:12,1/1/2023 0:26,1,4.4,99,N,74,248,1,24.5,0,0.5,0,6.55,1,32.55,0,0
330,2,1/1/2023 0:33,1/1/2023 0:40,1,1.17,1,N,142,143,1,8.6,1,0.5,2,0,1,15.6,2.5,0
331,2,1/1/2023 0:42,1/1/2023 0:51,1,1.53,1,N,143,238,1,10.7,1,0.5,10,0,1,25.7,2.5,0
332,1,1/1/2023 0:34,1/1/2023 0:39,2,0.7,1,N,237,237,1,6.5,3.5,0.5,1.5,0,1,13,2.5,0
333,1,1/1/2023 0:57,1/1/2023 0:57,1,0,1,N,137,137,3,3,3.5,0.5,0,0,1,8,2.5,0
334,2,1/1/2023 0:17,1/1/2023 0:22,1,1.29,1,N,238,166,1,7.9,1,0.5,2.08,0,1,12.48,0,0
335,2,1/1/2023 0:24,1/1/2023 0:28,1,0.74,1,N,166,151,1,6.5,1,0.5,1.8,0,1,10.8,0,0
336,2,1/1/2023 0:34,1/1/2023 1:02,1,5.32,1,N,238,249,2,30.3,1,0.5,0,0,1,35.3,2.5,0
337,2,1/1/2023 0:12,1/1/2023 0:28,3,0.59,1,N,48,48,1,14.2,1,0.5,3.84,0,1,23.04,2.5,0
338,2,1/1/2023 0:30,1/1/2023 0:56,2,2.98,1,N,48,162,1,24,1,0.5,5.8,0,1,34.8,2.5,0
339,2,1/1/2023 0:10,1/1/2023 0:40,1,12.79,1,N,141,89,2,52,1,0.5,0,0,1,57,2.5,0
340,1,1/1/2023 0:42,1/1/2023 1:00,1,2.1,1,N,43,238,1,14.9,3.5,0.5,4,0,1,23.9,2.5,0
341,2,1/1/2023 0:22,1/1/2023 0:32,1,2.06,1,N,239,262,1,13.5,1,0.5,4.62,0,1,23.12,2.5,0
342,2,1/1/2023 0:37,1/1/2023 0:41,1,0.76,1,N,236,238,1,6.5,1,0.5,1.15,0,1,12.65,2.5,0
343,2,1/1/2023 0:44,1/1/2023 0:50,1,1.49,1,N,239,236,1,8.6,1,0.5,4.08,0,1,17.68,2.5,0
344,2,1/1/2023 0:59,1/1/2023 1:05,1,0.86,1,N,237,141,1,7.9,1,0.5,1.94,0,1,14.84,2.5,0
345,1,1/1/2023 0:10,1/1/2023 0:21,2,6.5,1,N,138,74,1,26.8,7.25,0.5,6.32,6.55,1,48.42,0,1.25
346,1,1/1/2023 0:30,1/1/2023 0:40,2,2.1,1,N,263,239,1,12.8,3.5,0.5,3.55,0,1,21.35,2.5,0
347,1,1/1/2023 0:47,1/1/2023 0:57,2,1.8,1,N,143,151,1,12.8,3.5,0.5,5,0,1,22.8,2.5,0
348,1,1/1/2023 0:07,1/1/2023 0:16,3,1.6,1,N,229,263,1,10.7,3.5,0.5,4.7,0,1,20.4,2.5,0
349,1,1/1/2023 0:20,1/1/2023 0:24,4,1.1,1,N,141,229,1,6.5,3.5,0.5,2,0,1,13.5,2.5,0
350,1,1/1/2023 0:26,1/1/2023 0:32,1,2.3,1,N,141,75,2,10.7,3.5,0.5,0,0,1,15.7,2.5,0
351,1,1/1/2023 0:39,1/1/2023 0:42,3,0.8,1,N,263,141,1,5.8,3.5,0.5,2.15,0,1,12.95,2.5,0
352,1,1/1/2023 0:49,1/1/2023 1:00,2,3.2,1,N,263,145,1,15.6,3.5,0.5,4.1,0,1,24.7,2.5,0
353,2,1/1/2023 0:21,1/1/2023 0:27,2,1.01,1,N,234,164,1,7.9,1,0.5,2.58,0,1,15.48,2.5,0
354,2,1/1/2023 0:57,1/1/2023 1:06,2,1.1,1,N,107,186,2,10,1,0.5,0,0,1,15,2.5,0
355,2,1/1/2023 0:03,1/1/2023 0:10,1,1.35,1,N,238,151,1,9.3,1,0.5,4.29,0,1,18.59,2.5,0
356,2,1/1/2023 0:14,1/1/2023 0:24,2,1.84,1,N,151,143,1,12.1,1,0.5,1.5,0,1,18.6,2.5,0
357,2,1/1/2023 0:33,1/1/2023 0:47,2,2.71,1,N,142,236,2,17,1,0.5,0,0,1,22,2.5,0
358,2,1/1/2023 0:53,1/1/2023 1:14,3,4.48,1,N,236,107,1,23.3,1,0.5,5.66,0,1,33.96,2.5,0
359,2,1/1/2023 0:26,1/1/2023 0:42,1,2.51,1,N,90,229,1,15.6,1,0.5,4.12,0,1,24.72,2.5,0
360,2,1/1/2023 0:47,1/1/2023 0:58,1,3.39,1,N,233,74,2,15.6,1,0.5,0,0,1,20.6,2.5,0
361,2,1/1/2023 1:05,1/1/2023 1:15,1,2.22,1,N,263,233,1,12.1,1,0.5,4,0,1,21.1,2.5,0
362,2,1/1/2023 0:05,1/1/2023 0:23,2,2.79,1,N,239,236,1,18.4,1,0.5,40,0,1,63.4,2.5,0
363,2,1/1/2023 0:29,1/1/2023 0:40,2,1.73,1,N,236,140,1,13.5,1,0.5,3.7,0,1,22.2,2.5,0
364,2,1/1/2023 0:51,1/1/2023 0:57,2,0.96,1,N,237,161,2,7.9,1,0.5,0,0,1,12.9,2.5,0
365,1,1/1/2023 0:15,1/1/2023 0:18,1,0.3,1,N,229,137,1,4.4,3.5,0.5,2.35,0,1,11.75,2.5,0
366,1,1/1/2023 0:43,1/1/2023 1:11,2,2.2,1,N,233,223,2,22.6,3.5,0.5,0,0,1,27.6,2.5,0
367,2,1/1/2023 0:18,1/1/2023 0:28,3,2.05,1,N,143,166,1,12.8,1,0.5,1,0,1,18.8,2.5,0
368,2,1/1/2023 0:31,1/1/2023 0:35,3,0.71,1,N,24,238,1,6.5,1,0.5,3.45,0,1,14.95,2.5,0
369,2,1/1/2023 0:37,1/1/2023 0:49,3,2.61,1,N,238,141,1,15.6,1,0.5,4.12,0,1,24.72,2.5,0
370,2,1/1/2023 0:53,1/1/2023 0:57,2,0.92,1,N,140,263,1,6.5,1,0.5,1.15,0,1,12.65,2.5,0
371,1,1/1/2023 0:35,1/1/2023 0:57,2,9,1,N,140,47,1,37.3,3.5,0.5,8.45,0,1,50.75,2.5,0
372,2,1/1/2023 0:24,1/1/2023 0:36,4,2.05,1,N,163,107,1,13.5,1,0.5,3.7,0,1,22.2,2.5,0
373,2,1/1/2023 0:59,1/1/2023 1:07,1,0.62,1,N,237,141,1,7.9,1,0.5,2.58,0,1,15.48,2.5,0
374,2,1/1/2023 0:03,1/1/2023 0:19,1,2.51,1,N,249,233,1,16.3,1,0.5,6.39,0,1,27.69,2.5,0
375,2,1/1/2023 0:33,1/1/2023 0:37,3,1.44,1,N,141,263,1,7.9,1,0.5,2.58,0,1,15.48,2.5,0
376,2,1/1/2023 0:42,1/1/2023 0:50,2,1.41,1,N,263,140,1,9.3,1,0.5,2.86,0,1,17.16,2.5,0
377,2,1/1/2023 0:52,1/1/2023 0:55,2,1.01,1,N,140,263,1,6.5,1,0.5,2,0,1,13.5,2.5,0
378,2,1/1/2023 0:58,1/1/2023 1:01,1,0.47,1,N,141,141,1,5.1,1,0.5,2,0,1,12.1,2.5,0
379,2,1/1/2023 0:58,1/1/2023 1:12,1,2.48,1,N,264,263,1,15.6,1,0.5,3.62,0,1,21.72,0,0
380,2,1/1/2023 0:44,1/1/2023 1:01,4,3.67,1,N,137,263,1,19.8,1,0.5,4.96,0,1,29.76,2.5,0
381,2,1/1/2023 0:49,1/1/2023 0:55,3,1.19,1,N,162,140,1,8.6,1,0.5,2.72,0,1,16.32,2.5,0
382,2,1/1/2023 0:06,1/1/2023 0:17,1,1.88,1,N,164,229,1,12.1,1,0.5,3.42,0,1,20.52,2.5,0
383,2,1/1/2023 0:36,1/2/2023 0:17,1,1.2,1,N,234,234,1,11.4,1,0.5,0,0,1,16.4,2.5,0
384,2,1/1/2023 0:11,1/1/2023 0:28,1,2.02,1,N,246,48,1,17,1,0.5,4.4,0,1,26.4,2.5,0
385,2,1/1/2023 0:35,1/1/2023 0:56,1,1.94,1,N,48,246,1,19.1,1,0.5,4.82,0,1,28.92,2.5,0
386,2,1/1/2023 0:57,1/1/2023 1:02,1,0.55,1,N,246,68,2,5.8,1,0.5,0,0,1,10.8,2.5,0
387,2,1/1/2023 0:24,1/1/2023 0:56,2,4.17,1,N,246,4,1,29.6,1,0.5,6,0,1,40.6,2.5,0
388,1,1/1/2023 0:21,1/1/2023 0:48,1,4.6,1,N,246,151,1,26.1,3.5,0.5,4,0,1,35.1,2.5,0
389,1,1/1/2023 0:53,1/1/2023 1:03,1,2.1,1,N,151,236,1,11.4,3.5,0.5,4.9,0,1,21.3,2.5,0
390,2,1/1/2023 0:26,1/1/2023 0:31,1,0.83,1,N,237,141,1,7.2,1,0.5,3,0,1,15.2,2.5,0
391,2,1/1/2023 0:36,1/1/2023 0:48,1,2.99,1,N,237,137,2,15.6,1,0.5,0,0,1,20.6,2.5,0
392,2,1/1/2023 0:06,1/1/2023 0:22,2,3.16,1,N,170,142,1,18.4,1,0.5,4.68,0,1,28.08,2.5,0
393,2,1/1/2023 0:25,1/1/2023 0:31,2,1.5,1,N,142,238,1,9.3,1,0.5,3.58,0,1,17.88,2.5,0
394,2,1/1/2023 0:34,1/1/2023 0:45,2,2.04,1,N,239,140,1,13.5,1,0.5,3.7,0,1,22.2,2.5,0
395,2,1/1/2023 0:50,1/1/2023 0:57,2,1.65,1,N,263,162,2,10,1,0.5,0,0,1,15,2.5,0
396,1,1/1/2023 0:07,1/1/2023 0:45,2,7.8,1,N,249,223,1,37.3,3.5,0.5,8.45,0,1,50.75,2.5,0
397,1,1/1/2023 0:59,1/1/2023 1:07,1,0.5,1,N,146,145,1,5.1,1,0.5,3,0,1,10.6,0,0
398,2,1/1/2023 0:28,1/1/2023 0:28,1,0,2,N,142,142,2,70,0,0.5,0,0,1,74,2.5,0
399,2,1/1/2023 0:29,1/1/2023 0:54,1,3.91,1,N,142,229,1,24.7,1,0.5,4.46,0,1,34.16,2.5,0
400,1,1/1/2023 0:08,1/1/2023 0:28,1,8.6,1,N,140,40,2,35.9,3.5,0.5,0,0,1,40.9,2.5,0
401,1,1/1/2023 0:41,1/1/2023 1:03,2,2.8,1,N,231,164,1,22.6,3.5,0.5,5,0,1,32.6,2.5,0
402,2,1/1/2023 0:20,1/1/2023 0:56,1,2.04,1,N,50,186,1,28.2,1,0.5,0,0,1,33.2,2.5,0
403,2,1/1/2023 0:58,1/1/2023 1:12,1,0.64,1,N,186,164,2,12.8,1,0.5,0,0,1,17.8,2.5,0
404,2,1/1/2023 0:35,1/1/2023 0:43,1,1.46,1,N,170,237,1,10,1,0.5,3.75,0,1,18.75,2.5,0
405,1,1/1/2023 0:30,1/1/2023 0:52,1,5.5,1,N,142,107,1,27.5,3.5,0.5,3,0,1,35.5,2.5,0
406,1,1/1/2023 0:59,1/1/2023 1:06,1,1.6,1,N,137,229,1,9.3,3.5,0.5,2.85,0,1,17.15,2.5,0
407,2,1/1/2023 0:23,1/1/2023 0:47,3,2.41,1,N,50,158,1,21.9,1,0.5,5.38,0,1,32.28,2.5,0
408,2,1/1/2023 0:54,1/1/2023 1:21,1,5.73,1,N,249,263,1,28.2,1,0.5,6.64,0,1,39.84,2.5,0
409,2,1/1/2023 0:36,1/1/2023 0:41,1,0.79,1,N,166,238,1,7.2,1,0.5,2.42,0,1,12.12,0,0
410,2,1/1/2023 0:46,1/1/2023 0:53,1,1.63,1,N,238,166,1,10.7,1,0.5,3.14,0,1,18.84,2.5,0
411,2,1/1/2023 0:57,1/1/2023 1:08,1,2.23,1,N,166,143,1,13.5,1,0.5,4,0,1,22.5,2.5,0
412,1,1/1/2023 0:13,1/1/2023 0:18,2,0.9,1,N,234,114,1,6.5,3.5,0.5,2.3,0,1,13.8,2.5,0
413,1,1/1/2023 0:19,1/1/2023 0:41,1,4.6,1,N,114,140,1,22.6,3.5,0.5,5.5,0,1,33.1,2.5,0
414,1,1/1/2023 0:46,1/1/2023 0:58,1,2.9,1,N,141,107,1,14.2,3.5,0.5,3.8,0,1,23,2.5,0
415,2,1/1/2023 0:34,1/1/2023 1:01,2,6.49,1,N,113,202,1,30.3,1,0.5,1,0,1,36.3,2.5,0
416,2,1/1/2023 0:04,1/1/2023 0:20,1,2.47,1,N,237,107,1,15.6,1,0.5,6.18,0,1,26.78,2.5,0
417,2,1/1/2023 0:21,1/1/2023 0:28,1,0.91,1,N,107,79,1,7.9,1,0.5,2.58,0,1,15.48,2.5,0
418,2,1/1/2023 0:30,1/1/2023 0:36,1,1.31,1,N,79,170,1,8.6,1,0.5,2.72,0,1,16.32,2.5,0
419,2,1/1/2023 0:41,1/1/2023 0:50,1,1.39,1,N,170,79,1,10,1,0.5,2,0,1,17,2.5,0
420,2,1/1/2023 0:51,1/1/2023 1:16,1,4.39,1,N,79,236,1,26.1,1,0.5,1,0,1,32.1,2.5,0
421,2,1/1/2023 0:17,1/1/2023 0:36,3,3.01,1,N,65,181,1,19.8,1,0.5,4.01,0,1,26.31,0,0
422,2,1/1/2023 0:43,1/1/2023 1:05,2,4.78,1,N,181,255,1,26.8,1,0.5,7.33,0,1,36.63,0,0
423,2,1/1/2023 0:28,1/1/2023 0:34,1,1.02,1,N,43,162,2,7.9,1,0.5,0,0,1,12.9,2.5,0
424,2,1/1/2023 0:41,1/1/2023 0:54,1,2.16,1,N,161,137,1,13.5,1,0.5,2.78,0,1,21.28,2.5,0
425,2,1/1/2023 0:53,1/1/2023 1:30,4,3.03,1,N,48,224,1,30.3,1,0.5,0,0,0.3,34.6,2.5,0
426,1,1/1/2023 0:14,1/1/2023 0:19,1,1.7,1,N,137,140,2,8.6,3.5,0.5,0,0,1,13.6,2.5,0
427,1,1/1/2023 0:45,1/1/2023 1:01,1,4.4,1,N,148,263,1,20.5,3.5,0.5,5.1,0,1,30.6,2.5,0
428,2,1/1/2023 0:07,1/1/2023 0:23,1,7.74,1,N,138,256,2,32.4,6,0.5,0,0,1,41.15,0,1.25
429,2,1/1/2023 0:45,1/1/2023 0:55,1,1.22,1,N,68,249,1,10,1,0.5,3,0,1,18,2.5,0
430,2,1/1/2023 0:48,1/1/2023 1:03,1,5.92,1,N,151,243,2,26.1,1,0.5,0,0,1,28.6,0,0
431,2,1/1/2023 0:08,1/1/2023 0:24,1,5.38,1,N,262,79,1,24,1,0.5,5.8,0,1,34.8,2.5,0
432,2,1/1/2023 0:28,1/1/2023 0:42,1,4.6,1,N,79,261,1,21.2,1,0.5,5,0,1,31.2,2.5,0
433,2,1/1/2023 0:47,1/1/2023 0:53,1,0.63,1,N,13,261,2,7.2,1,0.5,0,0,1,12.2,2.5,0
434,2,1/1/2023 0:54,1/1/2023 1:10,1,3.29,1,N,13,246,2,17,1,0.5,0,0,1,22,2.5,0
435,2,1/1/2023 0:15,1/1/2023 0:29,1,2.65,1,N,144,246,1,14.9,1,0.5,3.98,0,1,23.88,2.5,0
436,2,1/1/2023 0:30,1/1/2023 0:42,1,1.11,1,N,246,246,1,12.1,1,0.5,3.42,0,1,20.52,2.5,0
437,2,1/1/2023 0:53,1/1/2023 0:57,1,0.47,1,N,246,246,1,5.8,1,0.5,3.24,0,1,14.04,2.5,0
438,2,1/1/2023 0:13,1/1/2023 0:28,2,3.2,1,N,236,107,1,17,1,0.5,4.4,0,1,26.4,2.5,0
439,2,1/1/2023 0:35,1/1/2023 0:53,1,3.56,1,N,229,238,1,19.8,1,0.5,4.96,0,1,29.76,2.5,0
440,2,1/1/2023 0:58,1/1/2023 1:25,2,4.46,1,N,239,107,1,27.5,1,0.5,6.5,0,1,39,2.5,0
441,2,1/1/2023 0:16,1/1/2023 0:48,1,10.32,1,N,161,225,2,45.7,1,0.5,0,6.55,1,57.25,2.5,0
442,2,1/1/2023 0:37,1/1/2023 0:38,1,0,5,N,255,264,1,40,0,0,8.2,0,1,49.2,0,0
443,2,1/1/2023 0:41,1/1/2023 0:49,3,2.07,1,N,256,148,1,11.4,1,0.5,3.28,0,1,19.68,2.5,0
444,1,1/1/2023 0:14,1/1/2023 0:19,1,1.9,1,N,239,24,1,9.3,3.5,0.5,3.55,0,1,17.85,2.5,0
445,1,1/1/2023 0:22,1/1/2023 0:27,1,0.9,1,N,151,238,1,7.2,3.5,0.5,3.65,0,1,15.85,2.5,0
446,1,1/1/2023 0:30,1/1/2023 0:42,2,2.2,1,N,239,236,1,12.8,3.5,0.5,2,0,1,19.8,2.5,0
447,1,1/1/2023 0:46,1/1/2023 0:49,1,0.8,1,N,236,237,1,5.8,3.5,0.5,3.2,0,1,14,2.5,0
448,1,1/1/2023 0:51,1/1/2023 0:52,2,0.6,1,N,237,229,1,5.1,3.5,0.5,2,0,1,12.1,2.5,0
449,1,1/1/2023 0:58,1/1/2023 1:09,1,2.6,1,N,229,238,1,13.5,3.5,0.5,3.7,0,1,22.2,2.5,0
450,1,1/1/2023 0:07,1/1/2023 0:29,1,2.6,1,N,148,246,1,17,3.5,0.5,10,0,1,32,2.5,0
451,1,1/1/2023 0:31,1/1/2023 0:39,1,0.9,1,N,68,48,1,8.6,3.5,0.5,2.72,0,1,16.32,2.5,0
452,1,1/1/2023 0:47,1/1/2023 1:19,3,7.8,1,N,50,243,2,38,3.5,0.5,0,0,1,43,2.5,0
453,2,1/1/2023 0:12,1/1/2023 0:19,1,1.67,1,N,237,233,1,10,1,0.5,3,0,1,18,2.5,0
454,2,1/1/2023 0:34,1/1/2023 0:47,2,2.58,1,N,140,239,1,14.2,1,0.5,4.8,0,1,24,2.5,0
455,2,1/1/2023 0:48,1/1/2023 1:03,2,2.91,1,N,239,262,1,16.3,1,0.5,4.26,0,1,25.56,2.5,0
456,2,1/1/2023 0:16,1/1/2023 0:35,1,3.7,1,N,237,79,2,20.5,1,0.5,0,0,1,25.5,2.5,0
457,2,1/1/2023 0:39,1/1/2023 0:59,1,4.44,1,N,79,236,1,22.6,1,0.5,5.52,0,1,33.12,2.5,0
458,2,1/1/2023 0:22,1/1/2023 0:57,1,11.08,1,N,132,188,1,50.6,1,0.5,10.87,0,1,65.22,0,1.25
459,2,1/1/2023 0:33,1/1/2023 0:46,1,5.34,1,N,132,216,1,23.3,1,0.5,3,0,1,30.05,0,1.25
460,2,1/1/2023 0:16,1/1/2023 0:40,1,4.82,1,N,163,223,1,26.1,1,0.5,9.33,0,1,40.43,2.5,0
461,1,1/1/2023 0:18,1/1/2023 0:34,1,2.1,1,N,231,107,1,15.6,3.5,0.5,4.1,0,1,24.7,2.5,0
462,1,1/1/2023 0:35,1/1/2023 0:46,1,2.6,1,N,107,140,1,14.2,3.5,0.5,5,0,1,24.2,2.5,0
463,1,1/1/2023 0:47,1/1/2023 0:55,2,1,1,N,140,237,2,9.3,3.5,0.5,0,0,1,14.3,2.5,0
464,2,1/1/2023 0:27,1/1/2023 0:39,1,2.42,1,N,170,263,2,14.2,1,0.5,0,0,1,19.2,2.5,0
465,2,1/1/2023 0:32,1/1/2023 1:25,1,9.43,1,Y,231,116,1,56.9,1,0.5,0,0,1,61.9,2.5,0
466,2,1/1/2023 0:36,1/1/2023 1:08,2,10.64,1,N,132,225,2,46.4,1,0.5,0,0,1,50.15,0,1.25
467,2,1/1/2023 0:09,1/1/2023 0:27,1,4.19,1,N,114,236,1,21.2,1,0.5,5.24,0,1,31.44,2.5,0
468,2,1/1/2023 0:28,1/1/2023 0:33,1,0.96,1,N,236,140,1,7.2,1,0.5,2.44,0,1,14.64,2.5,0
469,2,1/1/2023 0:38,1/1/2023 0:39,1,0.4,1,N,140,263,1,4.4,1,0.5,1.88,0,1,11.28,2.5,0
470,2,1/1/2023 0:42,1/1/2023 0:50,1,2.27,1,N,262,229,1,11.4,1,0.5,3.28,0,1,19.68,2.5,0
471,2,1/1/2023 0:52,1/1/2023 0:56,1,0.86,1,N,229,141,1,6.5,1,0.5,2.3,0,1,13.8,2.5,0
472,2,1/1/2023 0:32,1/1/2023 0:43,1,1.81,1,N,246,249,1,12.1,1,0.5,5.13,0,1,22.23,2.5,0
473,2,1/1/2023 0:45,1/1/2023 0:48,2,0.79,1,N,249,90,1,5.8,1,0.5,0,0,1,10.8,2.5,0
474,2,1/1/2023 0:25,1/1/2023 0:32,1,2.39,1,N,229,79,2,11.4,1,0.5,0,0,1,16.4,2.5,0
475,2,1/1/2023 0:35,1/1/2023 0:40,1,1.12,1,N,79,137,1,7.2,1,0.5,2.44,0,1,14.64,2.5,0
476,2,1/1/2023 0:42,1/1/2023 1:01,3,5.68,1,N,233,41,1,26.1,1,0.5,7.78,0,1,38.88,2.5,0
477,1,1/1/2023 0:12,1/1/2023 0:48,1,2.4,1,N,90,50,1,22,3,0.5,4,0,1,30.5,2.5,0
478,1,1/1/2023 0:52,1/1/2023 1:21,1,4.4,1,N,50,144,2,20,3,0.5,0,0,1,24.5,2.5,0
479,1,1/1/2023 0:11,1/1/2023 0:16,6,1,1,N,229,140,1,7.2,3.5,0.5,3.65,0,1,15.85,2.5,0
480,1,1/1/2023 0:18,1/1/2023 0:31,2,2.3,1,N,140,142,1,13.5,3.5,0.5,3.7,0,1,22.2,2.5,0
481,1,1/1/2023 0:34,1/1/2023 0:49,2,2.7,1,N,239,263,1,14.9,3.5,0.5,0,0,1,19.9,2.5,0
482,1,1/1/2023 0:54,1/1/2023 0:58,1,0.8,1,N,263,141,1,5.8,3.5,0.5,2,0,1,12.8,2.5,0
483,2,1/1/2023 0:09,1/1/2023 0:16,3,1.9,1,N,43,238,1,10.7,1,0.5,0.78,0,1,16.48,2.5,0
484,2,1/1/2023 0:20,1/1/2023 0:35,2,2.29,1,N,238,50,1,15.6,1,0.5,2,0,1,22.6,2.5,0
485,1,1/1/2023 0:22,1/1/2023 0:28,0,1.3,1,N,170,107,1,8.6,3.5,0.5,2.7,0,1,16.3,2.5,0
486,1,1/1/2023 0:30,1/1/2023 0:34,0,1,1,N,79,107,1,6.5,3.5,0.5,2.3,0,1,13.8,2.5,0
487,1,1/1/2023 0:36,1/1/2023 0:43,0,2.3,1,N,107,232,1,11.4,3.5,0.5,3.25,0,1,19.65,2.5,0
488,1,1/1/2023 0:54,1/1/2023 1:08,0,2.1,1,N,79,231,2,12.8,3.5,0.5,0,0,1,17.8,2.5,0
489,1,1/1/2023 0:24,1/1/2023 0:41,1,0.7,1,N,68,50,1,11.4,3.5,0.5,0,0,1,16.4,2.5,0
490,2,1/1/2023 0:07,1/1/2023 0:18,1,2.19,1,N,164,79,2,13.5,1,0.5,0,0,1,18.5,2.5,0
491,2,1/1/2023 0:37,1/1/2023 1:03,1,3.63,1,N,234,239,1,24.7,1,0.5,5.94,0,1,35.64,2.5,0
492,2,1/1/2023 0:18,1/1/2023 0:29,1,1.79,1,N,211,107,1,12.1,1,0.5,3.42,0,1,20.52,2.5,0
493,2,1/1/2023 0:31,1/1/2023 0:39,1,1.63,1,N,107,232,1,10.7,1,0.5,3.14,0,1,18.84,2.5,0
494,2,1/1/2023 0:43,1/1/2023 0:58,1,4.68,1,N,148,112,2,21.9,1,0.5,0,0,1,26.9,2.5,0
495,2,1/1/2023 0:23,1/1/2023 0:29,1,1.49,1,N,236,239,1,8.6,1,0.5,3.4,0,1,17,2.5,0
496,2,1/1/2023 0:51,1/1/2023 0:56,1,1.25,1,N,238,239,1,7.2,1,0.5,2.44,0,1,14.64,2.5,0
497,2,1/1/2023 0:59,1/1/2023 1:10,1,1.56,1,N,239,50,1,12.1,1,0.5,2.56,0,1,19.66,2.5,0
498,2,1/1/2023 0:13,1/1/2023 0:38,1,4.72,1,N,161,261,2,26.1,1,0.5,0,0,1,31.1,2.5,0
499,2,1/1/2023 0:45,1/1/2023 0:55,1,1.56,1,N,231,79,1,11.4,1,0.5,1.64,0,1,18.04,2.5,0
